{"cameraMode":{"drawMode":0,"name":"Shaded","section":"Shading Mode"},"sceneLighting":true,"audioPlay":false,"sceneViewState":{"m_AlwaysRefresh":false,"showFog":true,"showSkybox":true,"showFlares":true,"showImageEffects":true,"showParticleSystems":true,"showVisualEffectGraphs":true,"m_FxEnabled":true},"in2DMode":false,"pivot":{"x":67.31538391113281,"y":40.77028274536133,"z":-37.26658248901367},"rotation":{"x":-0.18354544043540955,"y":0.48079168796539309,"z":0.10251055657863617,"w":0.8514212369918823},"size":13.351743698120118,"orthographic":false}